{"count":1,"self":203.14863359999998,"total":545.6238026,"children":{"InitializeActuators":{"count":3083,"self":0.074742099999999992,"total":0.074742099999999992,"children":null},"InitializeSensors":{"count":3083,"self":0.2167323,"total":0.2167323,"children":null},"AgentSendState":{"count":253267,"self":2.3501396,"total":6.7827125,"children":{"CollectObservations":{"count":50031,"self":0.3601321,"total":0.3601321,"children":null},"WriteActionMask":{"count":50031,"self":0.2046045,"total":0.2046045,"children":null},"RequestDecision":{"count":50031,"self":0.8112621,"total":3.8678361999999997,"children":{"AgentInfo.ToProto":{"count":50031,"self":0.8219042,"total":3.0565740999999997,"children":{"GenerateSensorData":{"count":50031,"self":2.23467,"total":2.2346699,"children":null}}}}}}},"DecideAction":{"count":253267,"self":332.696064,"total":332.6960751,"children":null},"AgentAct":{"count":253267,"self":2.6687871999999997,"total":2.7029001999999998,"children":{"AgentInfo.ToProto":{"count":611,"self":0.008025899999999999,"total":0.034113,"children":{"GenerateSensorData":{"count":611,"self":0.0260871,"total":0.0260871,"children":null}}}}}},"gauges":{"SingleAgent.CumulativeReward":{"count":611,"max":4810,"min":-2,"runningAverage":363.621979,"value":1293,"weightedAverage":1069.34827}},"metadata":{"timer_format_version":"0.1.0","start_time_seconds":"1624558246","unity_version":"2020.3.8f1","command_line_arguments":"C:\\Program Files\\Unity\\Hub\\Editor\\2020.3.8f1\\Editor\\Unity.exe -projectpath C:\/Coding\/Unity\/GnG -useHub -hubIPC -cloudEnvironment production -hubSessionId 401f9f80-d4dc-11eb-b16a-5344f1186c0b -accessToken Ya0b209MG4kNc5_Lg9uj4yt3kgZMC7rjRR554yRAJ2U011f","communication_protocol_version":"1.5.0","com.unity.ml-agents_version":"2.1.0-exp.1","scene_name":"RealScene 2","end_time_seconds":"1624558792"}}