{"count":1,"self":1022.4161792,"total":2113.8750718,"children":{"InitializeActuators":{"count":75684,"self":0.33008329999999997,"total":0.33008329999999997,"children":null},"InitializeSensors":{"count":75684,"self":1.3580998,"total":1.3580998,"children":null},"AgentSendState":{"count":1123001,"self":3.798584,"total":20.4924601,"children":{"CollectObservations":{"count":500225,"self":4.7573251999999995,"total":4.7573253,"children":null},"WriteActionMask":{"count":500225,"self":0.30354909999999996,"total":0.30354909999999996,"children":null},"RequestDecision":{"count":500225,"self":1.5315377,"total":11.633001499999999,"children":{"AgentInfo.ToProto":{"count":500225,"self":1.918429,"total":10.1014638,"children":{"GenerateSensorData":{"count":500225,"self":8.1830351999999991,"total":8.1830348,"children":null}}}}}}},"DecideAction":{"count":1123001,"self":1055.4303488,"total":1055.4303238,"children":null},"AgentAct":{"count":1123001,"self":13.773652799999999,"total":13.7736526,"children":null},"AgentInfo.ToProto":{"count":2416,"self":0.014048699999999999,"total":0.0732536,"children":{"GenerateSensorData":{"count":2416,"self":0.0592049,"total":0.0592049,"children":null}}}},"gauges":{"SingleAgent.CumulativeReward":{"count":2005,"max":55.99661,"min":-55.93662,"runningAverage":0.5049318,"value":0,"weightedAverage":-0.009994566}},"metadata":{"timer_format_version":"0.1.0","start_time_seconds":"1624624573","unity_version":"2020.3.8f1","command_line_arguments":"C:\\Program Files\\Unity\\Hub\\Editor\\2020.3.8f1\\Editor\\Unity.exe -projectpath C:\/Coding\/Unity\/GnG -useHub -hubIPC -cloudEnvironment production -hubSessionId 4ce13490-d58b-11eb-9f37-c31eb65b94af -accessToken xEmB8PmAaOkvwfCzLCEojeLf6gQFCq0muprGBZqE79k011f","communication_protocol_version":"1.5.0","com.unity.ml-agents_version":"2.1.0-exp.1","scene_name":"TrialScene6","end_time_seconds":"1624626686"}}